Placering,Dato
"Gl. Strandvej 30, 6093",2024-03-25
"Nyvej Grønninghoved 2, 6093",2024-03-25
"Anemonevej 14, 6093",2024-03-25
"Gl. Strandvej 29, 6093",2024-03-25
"Gl. Strandvej 22, 6093",2024-03-25
"Rosenalle 2, 6093",2024-03-25
"Anemonevej 12, 6093",2024-03-25
"Anemonevej 18, 6093",2024-03-25
"Gl. Strandvej 25, 6093",2024-03-25
"Bakkevej Gr Hoved 8, 6093",2024-03-25
"Anemonevej 1, 6093",2024-03-25
"Gl. Strandvej 23, 6093",2024-03-25
"Skrænten Gr Hoved 2, 6093",2024-03-25
"Rosenalle 3, 6093",2024-03-25
"Anemonevej 7, 6093",2024-03-25
"Pilealle 1, 6093",2024-03-25
"Nyvej Grønninghoved 5, 6093",2024-03-25
"Gl. Strandvej 32, 6093",2024-03-25
"Bakkevej Gr Hoved 10, 6093",2024-03-25
"Anemonevej 9, 6093",2024-03-25
"Anemonevej 10, 6093",2024-03-25
"Anemonevej 4, 6093",2024-03-25
"Gl. Strandvej 27, 6093",2024-03-25
"Skrænten Gr Hoved 6, 6093",2024-03-25
"Nyvej Grønninghoved 1, 6093",2024-03-25
"Gl. Strandvej 21, 6093",2024-03-25
"Anemonevej 11, 6093",2024-03-25
"Nyvej Grønninghoved 7, 6093",2024-03-25
"Anemonevej 5, 6093",2024-03-25
